c_a_value,Energy
0.986,-148.53398545
1.008,-148.53705423
1.03,-148.53903837
1.052,-148.54025414
1.074,-148.54096922
1.096,-148.54105168
1.118,-148.54036979
1.14,-148.53879845
1.162,-148.53628299
1.183,-148.53303611
1.206,-148.52851963
