c_a_value,Energy
0.986,-148.54251891
1.008,-148.54560731
1.03,-148.5476427
1.052,-148.54894314
1.074,-148.54973661
1.096,-148.54991297
1.118,-148.54932935
1.14,-148.54788804
1.162,-148.54552291
1.183,-148.54243527
1.206,-148.53813496
