c_a_value,Energy
0.986,-148.54880769
1.008,-148.55191541
1.03,-148.55400725
1.052,-148.55538971
1.074,-148.55627234
1.096,-148.55653632
1.118,-148.55606613
1.14,-148.55473684
1.162,-148.55253008
1.183,-148.54960731
1.206,-148.5455107
