c_a_value,Energy
0.986,-148.55306595
1.008,-148.55620084
1.03,-148.55834708
1.052,-148.55981095
1.074,-148.56078051
1.096,-148.56114311
1.118,-148.56077553
1.14,-148.55957728
1.162,-148.55751673
1.183,-148.55476623
1.206,-148.550871
