c_a_value,Energy
0.986,-148.55548408
1.008,-148.55864843
1.03,-148.56085907
1.052,-148.56240638
1.074,-148.56346185
1.096,-148.56391896
1.118,-148.56365263
1.14,-148.56259333
1.162,-148.5606866
1.183,-148.55809274
1.206,-148.55440798
