c_a_value,Energy
0.986,-148.5562468
1.008,-148.55944117
1.03,-148.56171513
1.052,-148.56334719
1.074,-148.56449128
1.096,-148.56504461
1.118,-148.56488756
1.14,-148.56395524
1.162,-148.56219991
1.183,-148.55977397
1.206,-148.55628523
