c_a_value,Energy
0.986,-148.55619625
1.008,-148.55939842
1.03,-148.56168579
1.052,-148.56334495
1.074,-148.56450904
1.096,-148.5650878
1.118,-148.5649574
1.14,-148.56405385
1.162,-148.56234417
1.183,-148.55995638
1.206,-148.55652224
