c_a_value,Energy
0.986,-148.55551141
1.008,-148.5587393
1.03,-148.56107568
1.052,-148.56279152
1.074,-148.56402818
1.096,-148.56466665
1.118,-148.56462863
1.14,-148.56382412
1.162,-148.56221695
1.183,-148.5599561
1.206,-148.55666667
