c_a_value,Energy
0.986,-148.55341836
1.008,-148.55668687
1.03,-148.55908573
1.052,-148.56088573
1.074,-148.56220776
1.096,-148.56294651
1.118,-148.56301279
1.14,-148.56233884
1.162,-148.56088412
1.183,-148.55878007
1.206,-148.55569267
