c_a_value,Energy
0.986,-148.55010254
1.008,-148.55340598
1.03,-148.55587304
1.052,-148.55775601
1.074,-148.55915946
1.096,-148.55999893
1.118,-148.56018415
1.14,-148.55963103
1.162,-148.55832519
1.183,-148.55638141
1.206,-148.5534844
