c_a_value,Energy
0.986,-148.54568008
1.008,-148.54902332
1.03,-148.55155165
1.052,-148.55351903
1.074,-148.55501117
1.096,-148.55594642
1.118,-148.55623912
1.14,-148.55581716
1.162,-148.55465431
1.183,-148.55286788
1.206,-148.55017389
