c_a_value,Energy
0.986,-148.54025276
1.008,-148.5436394
1.03,-148.54623486
1.052,-148.54828006
1.074,-148.54985983
1.096,-148.55089781
1.118,-148.55129694
1.14,-148.55099762
1.162,-148.54998315
1.183,-148.54834921
1.206,-148.54584209
