Presion_GPa,Volumenes,c_a
0,177.91,1.10154
50,156.88202,1.08218
65,152.59598,1.07871
70,151.29232,1.07768
80,148.84408,1.0758
90,146.58297,1.07411
100,144.48417,1.07258
110,142.52742,1.07119
120,140.69601,1.06991
130,138.97594,1.06874
140,137.35542,1.06767
150,135.8244,1.06667
