Volumen,c_a_min,Energia_min
159.3,1.08425,-148.54113
162.84,1.08725,-148.54994
166.38,1.09041,-148.55654
169.92,1.09371,-148.56112
173.46,1.0971,-148.56389
177.0,1.10063,-148.56503
177.91,1.10154,-148.56508
180.54,1.10426,-148.56469
184.08,1.10797,-148.56302
187.62,1.11184,-148.56015
191.16,1.11573,-148.55619
194.7,1.11975,-148.55124
