Volumen,c_a_min,Presion
159.3,1.08425,42.41913
162.84,1.08725,32.33247
166.38,1.09041,23.31998
169.92,1.09371,15.25625
173.46,1.0971,8.03268
177.0,1.10063,1.55493
177.91,1.10154,0.0
180.54,1.10426,-4.25926
184.08,1.10797,-9.48178
187.62,1.11184,-14.17565
191.16,1.11573,-18.39626
194.7,1.11975,-22.19244
